capacity_rooms,overbooking_k,walk_scenario,walk_cost_eur,avg_nightly_profit_eur,avg_expected_showups,avg_expected_walked,avg_accepted_bookings,realised_nightly_profit_eur,realised_walks_per_night
60.0,0,Low,125.0,3195.1534776392054,33.16883086929519,0.0,46.838095238095235,3317.4217142857146,0.0
60.0,0,Base,200.0,3195.1534776392054,33.16883086929519,0.0,46.838095238095235,3317.4217142857146,0.0
60.0,0,High,300.0,3195.1534776392054,33.16883086929519,0.0,46.838095238095235,3317.4217142857146,0.0
60.0,1,Low,125.0,3213.233119173272,33.356528153333386,5.592722780987513e-06,47.22380952380952,3334.394142857143,0.0
60.0,1,Base,200.0,3213.2326997190635,33.356528153333386,5.592722780987513e-06,47.22380952380952,3334.394142857143,0.0
60.0,1,High,300.0,3213.232140446785,33.356528153333386,5.592722780987513e-06,47.22380952380952,3334.394142857143,0.0
60.0,2,Low,125.0,3230.519449797398,33.53605309146549,3.860526576578938e-05,47.60476190476191,3344.0271428571427,0.0
60.0,2,Base,200.0,3230.516554402466,33.53605309146549,3.860526576578938e-05,47.60476190476191,3344.0271428571427,0.0
60.0,2,High,300.0,3230.5126938758895,33.53605309146549,3.860526576578938e-05,47.60476190476191,3344.0271428571427,0.0
60.0,3,Low,125.0,3246.4820171404417,33.70195897386375,0.00012511097390339527,47.96666666666667,3350.907857142857,0.0
60.0,3,Base,200.0,3246.4726338173987,33.70195897386375,0.00012511097390339527,47.96666666666667,3350.907857142857,0.0
60.0,3,High,300.0,3246.4601227200087,33.70195897386375,0.00012511097390339527,47.96666666666667,3350.907857142857,0.0
60.0,4,Low,125.0,3261.8002951518556,33.86146298746979,0.0003363052053941442,48.304761904761904,3356.871142857143,0.0
60.0,4,Base,200.0,3261.7750722614505,33.86146298746979,0.0003363052053941442,48.304761904761904,3356.871142857143,0.0
60.0,4,High,300.0,3261.741441740911,33.86146298746979,0.0003363052053941442,48.304761904761904,3356.871142857143,0.0
60.0,5,Low,125.0,3276.3871975838597,34.013784737257,0.0007260026029326728,48.628571428571426,3373.3848571428575,0.0
60.0,5,Base,200.0,3276.33274738864,34.013784737257,0.0007260026029326728,48.628571428571426,3373.3848571428575,0.0
60.0,5,High,300.0,3276.260147128346,34.013784737257,0.0007260026029326728,48.628571428571426,3373.3848571428575,0.0
60.0,6,Low,125.0,3290.5503143381306,34.162368436571164,0.0014035022670675372,48.94285714285714,3390.2207619047626,0.004761904761904762
60.0,6,Base,200.0,3290.4450516681004,34.162368436571164,0.0014035022670675372,48.94285714285714,3389.86361904762,0.004761904761904762
60.0,6,High,300.0,3290.3047014413933,34.162368436571164,0.0014035022670675372,48.94285714285714,3389.387428571429,0.004761904761904762
60.0,7,Low,125.0,3304.345852340005,34.30809750797466,0.0024993475949666366,49.25714285714286,3405.817047619048,0.004761904761904762
60.0,7,Base,200.0,3304.1584012703825,34.30809750797466,0.0024993475949666366,49.25714285714286,3405.4599047619054,0.004761904761904762
60.0,7,High,300.0,3303.9084665108862,34.30809750797466,0.0024993475949666366,49.25714285714286,3404.9837142857145,0.004761904761904762
60.0,8,Low,125.0,3316.9489703359004,34.44276686285497,0.0041691662355687,49.55238095238095,3420.6815714285717,0.014285714285714285
60.0,8,Base,200.0,3316.636282868233,34.44276686285497,0.0041691662355687,49.55238095238095,3419.6101428571433,0.014285714285714285
60.0,8,High,300.0,3316.219366244676,34.44276686285497,0.0041691662355687,49.55238095238095,3418.1815714285717,0.014285714285714285
60.0,9,Low,125.0,3328.793675495747,34.571283869443114,0.0065878988284812775,49.84285714285714,3432.1985714285715,0.02857142857142857
60.0,9,Base,200.0,3328.2995830836107,34.571283869443114,0.0065878988284812775,49.84285714285714,3430.055714285714,0.02857142857142857
60.0,9,High,300.0,3327.6407932007623,34.571283869443114,0.0065878988284812775,49.84285714285714,3427.1985714285715,0.02857142857142857
60.0,10,Low,125.0,3340.097841254355,34.6962766540195,0.009915008482099898,50.13333333333333,3440.368047619048,0.047619047619047616
60.0,10,Base,200.0,3339.354215618198,34.6962766540195,0.009915008482099898,50.13333333333333,3436.796619047619,0.047619047619047616
60.0,10,High,300.0,3338.3627147699876,34.6962766540195,0.009915008482099898,50.13333333333333,3432.0347142857145,0.047619047619047616
60.0,11,Low,125.0,3350.8491807009236,34.81829597117476,0.014445715458099162,50.41904761904762,3448.264476190476,0.0761904761904762
60.0,11,Base,200.0,3349.765752041566,34.81829597117476,0.014445715458099162,50.41904761904762,3442.5501904761904,0.0761904761904762
60.0,11,High,300.0,3348.321180495756,34.81829597117476,0.014445715458099162,50.41904761904762,3434.931142857143,0.0761904761904762
60.0,12,Low,125.0,3360.741144349827,34.93478965912904,0.020454269706202722,50.68571428571428,3456.756142857143,0.1
60.0,12,Base,200.0,3359.207074121862,34.93478965912904,0.020454269706202722,50.68571428571428,3449.256142857143,0.1
60.0,12,High,300.0,3357.1616471512416,34.93478965912904,0.020454269706202722,50.68571428571428,3439.256142857143,0.1
60.0,13,Low,125.0,3369.682692926129,35.04520983954896,0.028113545012523906,50.94761904761905,3462.6320476190476,0.11904761904761904
60.0,13,Base,200.0,3367.5741770501904,35.04520983954896,0.028113545012523906,50.94761904761905,3453.703476190476,0.11904761904761904
60.0,13,High,300.0,3364.7628225489375,35.04520983954896,0.028113545012523906,50.94761904761905,3441.798714285714,0.11904761904761904
60.0,14,Low,125.0,3377.581450661801,35.148457322156865,0.03736250477373663,51.2,3466.4000476190477,0.14761904761904762
60.0,14,Base,200.0,3374.77926280377,35.148457322156865,0.03736250477373663,51.2,3455.3286190476188,0.14761904761904762
60.0,14,High,300.0,3371.0430123263964,35.148457322156865,0.03736250477373663,51.2,3440.566714285714,0.14761904761904762
60.0,15,Low,125.0,3384.6123521286945,35.24668978280749,0.048349860611538106,51.44285714285714,3468.4697142857135,0.17142857142857143
60.0,15,Base,200.0,3380.986112582829,35.24668978280749,0.048349860611538106,51.44285714285714,3455.612571428571,0.17142857142857143
60.0,15,High,300.0,3376.1511265216755,35.24668978280749,0.048349860611538106,51.44285714285714,3438.4697142857135,0.17142857142857143
60.0,16,Low,125.0,3390.593355008546,35.338878208795435,0.06145024553705979,51.680952380952384,3473.701238095238,0.18095238095238095
60.0,16,Base,200.0,3385.984586593267,35.338878208795435,0.06145024553705979,51.680952380952384,3460.1298095238094,0.18095238095238095
60.0,16,High,300.0,3379.839562039561,35.338878208795435,0.06145024553705979,51.680952380952384,3442.0345714285713,0.18095238095238095
60.0,17,Low,125.0,3395.6498107052553,35.42498134307309,0.07607934791025368,51.9,3476.366142857143,0.2
60.0,17,Base,200.0,3389.943859611986,35.42498134307309,0.07607934791025368,51.9,3461.366142857143,0.2
60.0,17,High,300.0,3382.335924820961,35.42498134307309,0.07607934791025368,51.9,3441.366142857143,0.2
60.0,18,Low,125.0,3399.771652007955,35.50686716123875,0.09309565641428594,52.095238095238095,3479.167571428571,0.21428571428571427
60.0,18,Base,200.0,3392.7894777768834,35.50686716123875,0.09309565641428594,52.095238095238095,3463.0961428571427,0.21428571428571427
60.0,18,High,300.0,3383.479912135455,35.50686716123875,0.09309565641428594,52.095238095238095,3441.667571428571,0.21428571428571427
60.0,19,Low,125.0,3403.0565249374918,35.58387928874585,0.1117723171165047,52.285714285714285,3481.373761904762,0.23333333333333334
60.0,19,Base,200.0,3394.673601153754,35.58387928874585,0.1117723171165047,52.285714285714285,3463.873761904762,0.23333333333333334
60.0,19,High,300.0,3383.496369442103,35.58387928874585,0.1117723171165047,52.285714285714285,3440.5404285714285,0.23333333333333334
60.0,20,Low,125.0,3405.4405676653655,35.65747935271084,0.13303401428306005,52.47142857142857,3482.0672857142863,0.2571428571428571
60.0,20,Base,200.0,3395.4630165941353,35.65747935271084,0.13303401428306005,52.47142857142857,3462.781571428572,0.2571428571428571
60.0,20,High,300.0,3382.159615165829,35.65747935271084,0.13303401428306005,52.47142857142857,3437.0672857142863,0.2571428571428571
60.0,21,Low,125.0,3407.110353984738,35.72990438751887,0.1570114113087002,52.65238095238095,3486.108333333333,0.2761904761904762
60.0,21,Base,200.0,3395.334498136586,35.72990438751887,0.1570114113087002,52.65238095238095,3465.3940476190473,0.2761904761904762
60.0,21,High,300.0,3379.633357005716,35.72990438751887,0.1570114113087002,52.65238095238095,3437.775,0.2761904761904762
60.0,22,Low,125.0,3407.844960837797,35.798701068586325,0.18363490308192937,52.82380952380952,3489.5541428571432,0.3
60.0,22,Base,200.0,3394.0723431066526,35.798701068586325,0.18363490308192937,52.82380952380952,3467.0541428571432,0.3
60.0,22,High,300.0,3375.708852798459,35.798701068586325,0.18363490308192937,52.82380952380952,3437.0541428571432,0.3
60.0,23,Low,125.0,3407.731743543026,35.86436189574934,0.21272415792937327,52.99047619047619,3491.1650952380955,0.3238095238095238
60.0,23,Base,200.0,3391.7774316983227,35.86436189574934,0.21272415792937327,52.99047619047619,3466.8793809523813,0.3238095238095238
60.0,23,High,300.0,3370.5050159053853,35.86436189574934,0.21272415792937327,52.99047619047619,3434.4984285714286,0.3238095238095238
60.0,24,Low,125.0,3406.8449781302866,35.92675339711581,0.243885495024982,53.15238095238095,3488.1015238095238,0.36666666666666664
60.0,24,Base,200.0,3388.5535660034134,35.92675339711581,0.243885495024982,53.15238095238095,3460.6015238095238,0.36666666666666664
60.0,24,High,300.0,3364.165016500915,35.92675339711581,0.243885495024982,53.15238095238095,3423.9348571428573,0.36666666666666664
60.0,25,Low,125.0,3405.3830755823137,35.98368985076353,0.27527116857967027,53.3,3485.6331904761905,0.40476190476190477
60.0,25,Base,200.0,3384.737737938838,35.98368985076353,0.27527116857967027,53.3,3455.276047619048,0.40476190476190477
60.0,25,High,300.0,3357.2106210808715,35.98368985076353,0.27527116857967027,53.3,3414.799857142857,0.40476190476190477
60.0,26,Low,125.0,3403.3123652097224,36.03807089757425,0.30829532532239323,53.44285714285714,3481.1934761904768,0.44761904761904764
60.0,26,Base,200.0,3380.1902158105436,36.03807089757425,0.30829532532239323,53.44285714285714,3447.622047619048,0.44761904761904764
60.0,26,High,300.0,3349.360683278304,36.03807089757425,0.30829532532239323,53.44285714285714,3402.8601428571433,0.44761904761904764
60.0,27,Low,125.0,3400.7065749472335,36.08910260658804,0.34227930757417696,53.576190476190476,3479.456904761905,0.47619047619047616
60.0,27,Base,200.0,3375.035626879171,36.08910260658804,0.34227930757417696,53.576190476190476,3443.7426190476194,0.47619047619047616
60.0,27,High,300.0,3340.8076961217525,36.08910260658804,0.34227930757417696,53.576190476190476,3396.123571428572,0.47619047619047616
60.0,28,Low,125.0,3397.873753034052,36.133920389129415,0.3745845481895117,53.7,3474.285428571429,0.5285714285714286
60.0,28,Base,200.0,3369.7799119198385,36.133920389129415,0.3745845481895117,53.7,3434.6425714285715,0.5285714285714286
60.0,28,High,300.0,3332.3214571008875,36.133920389129415,0.3745845481895117,53.7,3381.785428571429,0.5285714285714286
60.0,29,Low,125.0,3394.7511857839013,36.178564575666066,0.4081233442823453,53.82380952380952,3468.791761904762,0.5761904761904761
60.0,29,Base,200.0,3364.141934962725,36.178564575666066,0.4081233442823453,53.82380952380952,3425.5774761904763,0.5761904761904761
60.0,29,High,300.0,3323.3296005344905,36.178564575666066,0.4081233442823453,53.82380952380952,3367.958428571429,0.5761904761904761
60.0,30,Low,125.0,3391.53722311082,36.21989100334016,0.4406310813759411,53.94285714285714,3464.6250952380956,0.6095238095238096
60.0,30,Base,200.0,3358.4898920076243,36.21989100334016,0.4406310813759411,53.94285714285714,3418.91080952381,0.6095238095238096
60.0,30,High,300.0,3314.4267838700307,36.21989100334016,0.4406310813759411,53.94285714285714,3357.958428571429,0.6095238095238096
60.0,31,Low,125.0,3388.2453473017886,36.25771274415104,0.4719654874724659,54.04761904761905,3461.5123809523816,0.638095238095238
60.0,31,Base,200.0,3352.8479357413544,36.25771274415104,0.4719654874724659,54.04761904761905,3413.6552380952385,0.638095238095238
60.0,31,High,300.0,3305.6513869941073,36.25771274415104,0.4719654874724659,54.04761904761905,3349.8457142857146,0.638095238095238
60.0,32,Low,125.0,3385.126607523159,36.290417028246885,0.5002903574204284,54.142857142857146,3457.3457142857146,0.6714285714285714
60.0,32,Base,200.0,3347.6048307166275,36.290417028246885,0.5002903574204284,54.142857142857146,3406.988571428572,0.6714285714285714
60.0,32,High,300.0,3297.575794974585,36.290417028246885,0.5002903574204284,54.142857142857146,3339.8457142857146,0.6714285714285714
60.0,33,Low,125.0,3382.003815330619,36.321626987220576,0.5279831579466798,54.22857142857143,3453.774285714286,0.7
60.0,33,Base,200.0,3342.4050784846186,36.321626987220576,0.5279831579466798,54.22857142857143,3401.274285714286,0.7
60.0,33,High,300.0,3289.6067626899508,36.321626987220576,0.5279831579466798,54.22857142857143,3331.274285714286,0.7
60.0,34,Low,125.0,3378.9476304506966,36.350777387707055,0.5544786305838532,54.31428571428572,3450.798095238096,0.7238095238095238
60.0,34,Base,200.0,3337.3617331569076,36.350777387707055,0.5544786305838532,54.31428571428572,3396.5123809523816,0.7238095238095238
60.0,34,High,300.0,3281.9138700985227,36.350777387707055,0.5544786305838532,54.31428571428572,3324.131428571429,0.7238095238095238
60.0,35,Low,125.0,3375.8812401095242,36.37927471540965,0.5807359744539244,54.39523809523809,3447.8219047619054,0.7476190476190476
60.0,35,Base,200.0,3332.326042025481,36.37927471540965,0.5807359744539244,54.39523809523809,3391.7504761904765,0.7476190476190476
60.0,35,High,300.0,3274.252444580088,36.37927471540965,0.5807359744539244,54.39523809523809,3316.988571428572,0.7476190476190476
60.0,36,Low,125.0,3372.897987589179,36.405891347693846,0.6057991502921842,54.47142857142857,3445.4409523809527,0.7666666666666667
60.0,36,Base,200.0,3327.463051317265,36.405891347693846,0.6057991502921842,54.47142857142857,3387.9409523809527,0.7666666666666667
60.0,36,High,300.0,3266.883136288047,36.405891347693846,0.6057991502921842,54.47142857142857,3311.274285714286,0.7666666666666667
60.0,37,Low,125.0,3369.9188475160377,36.43198132316453,0.6306145273772256,54.542857142857144,3440.08380952381,0.8095238095238095
60.0,37,Base,200.0,3322.6227579627457,36.43198132316453,0.6306145273772256,54.542857142857144,3379.3695238095243,0.8095238095238095
60.0,37,High,300.0,3259.561305225023,36.43198132316453,0.6306145273772256,54.542857142857144,3298.4171428571435,0.8095238095238095
60.0,38,Low,125.0,3367.09293721216,36.456120368058855,0.6538884825507105,54.60952380952381,3435.3219047619054,0.8476190476190476
60.0,38,Base,200.0,3318.0513010208574,36.456120368058855,0.6538884825507105,54.60952380952381,3371.7504761904765,0.8476190476190476
60.0,38,High,300.0,3252.662452765786,36.456120368058855,0.6538884825507105,54.60952380952381,3286.988571428572,0.8476190476190476
60.0,39,Low,125.0,3364.2745474649705,36.4799481210501,0.6769929744534654,54.67619047619048,3431.1552380952385,0.8809523809523809
60.0,39,Base,200.0,3313.5000743809605,36.4799481210501,0.6769929744534654,54.67619047619048,3365.08380952381,0.8809523809523809
60.0,39,High,300.0,3245.8007769356136,36.4799481210501,0.6769929744534654,54.67619047619048,3276.988571428572,0.8809523809523809
60.0,40,Low,125.0,3361.5735213275857,36.50259517471952,0.6990533224287052,54.74285714285714,3427.58380952381,0.9095238095238095
60.0,40,Base,200.0,3309.144522145433,36.50259517471952,0.6990533224287052,54.74285714285714,3359.3695238095243,0.9095238095238095
60.0,40,High,300.0,3239.2391899025624,36.50259517471952,0.6990533224287052,54.74285714285714,3268.4171428571435,0.9095238095238095
60.0,41,Low,125.0,3359.115043296317,36.5231179192058,0.7190932357148971,54.8,3425.2028571428577,0.9285714285714286
60.0,41,Base,200.0,3305.1830506177,36.5231179192058,0.7190932357148971,54.8,3355.5600000000004,0.9285714285714286
60.0,41,High,300.0,3233.27372704621,36.5231179192058,0.7190932357148971,54.8,3262.7028571428577,0.9285714285714286
60.0,42,Low,125.0,3356.7492181371813,36.542739762791186,0.7383224290086927,54.852380952380955,3422.8219047619054,0.9476190476190476
60.0,42,Base,200.0,3301.37503596153,36.542739762791186,0.7383224290086927,54.852380952380955,3351.7504761904765,0.9476190476190476
60.0,42,High,300.0,3227.54279306066,36.542739762791186,0.7383224290086927,54.852380952380955,3256.988571428572,0.9476190476190476
60.0,43,Low,125.0,3354.408730388693,36.562044903344876,0.757299304886452,54.904761904761905,3421.631428571429,0.9571428571428572
60.0,43,Base,200.0,3297.611282522209,36.562044903344876,0.757299304886452,54.904761904761905,3349.8457142857146,0.9571428571428572
60.0,43,High,300.0,3221.8813520335643,36.562044903344876,0.757299304886452,54.904761904761905,3254.131428571429,0.9571428571428572
60.0,44,Low,125.0,3352.111490188763,36.580875008523584,0.7758740314567092,54.957142857142856,3420.4409523809527,0.9666666666666667
60.0,44,Base,200.0,3293.92093782951,36.580875008523584,0.7758740314567092,54.957142857142856,3347.9409523809527,0.9666666666666667
60.0,44,High,300.0,3216.3335346838394,36.580875008523584,0.7758740314567092,54.957142857142856,3251.274285714286,0.9666666666666667
60.0,45,Low,125.0,3349.9653346782,36.59839657101492,0.793196615947532,55.00476190476191,3419.1139523809525,0.9809523809523809
60.0,45,Base,200.0,3290.4755884821348,36.59839657101492,0.793196615947532,55.00476190476191,3345.542523809524,0.9809523809523809
60.0,45,High,300.0,3211.1559268873816,36.59839657101492,0.793196615947532,55.00476190476191,3247.447285714286,0.9809523809523809
