capacity_rooms,walk_scenario,walk_cost_eur,optimal_k,avg_nightly_profit_eur
40,Low,125.0,10,2613.2370875385577
40,Base,200.0,8,2591.829691198461
40,High,300.0,7,2573.116257153816
50,Low,125.0,15,2845.84281965181
50,Base,200.0,13,2832.1038263498403
50,High,300.0,12,2819.395067399816
60,Low,125.0,19,2944.2570736094303
60,Base,200.0,18,2940.33674531997
60,High,300.0,16,2936.739406311683
70,Low,125.0,28,2976.6723411960684
70,Base,200.0,26,2975.4778600578143
70,High,300.0,24,2974.208892955157
80,Low,125.0,45,2983.264629464687
80,Base,200.0,45,2983.1570187725574
80,High,300.0,45,2983.0135378497184
