feature_encoded,mean_abs_shap,mean_shap_logodds
num__total_of_special_requests,0.6319380188653609,-0.0803835358584038
cat__market_segment_Online TA,0.42856188452640376,0.1282623424003072
cat__country_PRT,0.3872703918027811,-0.09558225157732471
num__lead_time,0.376203759963865,-0.20366880632557935
num__adr,0.3683997886097147,0.29074185071238895
num__required_car_parking_spaces,0.31776650594637906,0.042094266223535716
num__room_type_changed,0.29546280105183165,0.10718443579536073
cat__customer_type_Transient,0.159993638252084,0.08087140733842911
num__previous_cancellations,0.14938582690842797,-0.05671018237828455
num__booking_month,0.13016705595428832,-0.03186572245854779
num__booking_changes,0.12438908246099624,-0.007878442419665939
num__previous_bookings_not_canceled,0.08949240257051609,-0.034564136891366316
num__arrival_month,0.08901448614503597,-0.064970506591127
cat__market_segment_Offline TA/TO,0.07134533385543837,0.03359474662933047
cat__country_FRA,0.06355028182026054,-0.0021397723067500722
cat__country_DEU,0.05660729697274848,0.008497445234971899
cat__deposit_type_No Deposit,0.05613696254733358,-0.052195714579058736
cat__meal_SC,0.043963241605188656,0.01341539766393393
num__total_nights,0.041753288951881844,-0.003644603811048658
cat__market_segment_Direct,0.040414838546649554,-0.000287841221706208
cat__country_ESP,0.03267474970284267,0.000408786941134002
num__arrival_dow,0.026491323166474363,-0.004600575364984041
num__booking_dow,0.025800817326855633,0.0015534497243116223
num__children,0.025734178001489968,-0.0003685787909498002
cat__meal_BB,0.024888231249196948,0.006091594098178178
num__days_to_nearest_holiday,0.024142432779002288,0.005671636614904525
cat__country_ITA,0.023155457917424578,-0.0022482425562955796
cat__deposit_type_Non Refund,0.02258484761941556,-0.02127267021718212
cat__country_CHN,0.021968338573833075,0.00022247410050585536
cat__country_NLD,0.02177403229161079,-0.00032627867681083155
cat__country_BRA,0.02064736480589631,-0.0016555594798978817
num__stays_in_week_nights,0.020479021035361908,-0.003928629941740808
cat__customer_type_Transient-Party,0.01622637198145236,-8.380445050232644e-06
num__adults,0.016218006826489065,0.0007887937858997708
cat__country_BEL,0.015999288729132356,0.003162082767811105
num__is_repeated_guest,0.014934116096556828,-0.0010869368603233795
cat__assigned_room_type_D,0.01360431459288598,-0.0027051131724475895
cat__country_CHE,0.01331535064692364,-0.001274779743614493
num__has_agent,0.01318955791621786,0.0012236189952490669
cat__country_AGO,0.01318690192863439,-0.0040146723489131895
cat__country_AUT,0.013142544367784476,-0.001569108237322712
cat__assigned_room_type_G,0.012571513409662494,-0.003944702372538134
cat__assigned_room_type_B,0.01222257269159926,-0.008051716104877498
num__total_guests,0.011096817561949022,0.003164374217194645
cat__distribution_channel_TA/TO,0.010762840191323035,-0.00033164694853477975
cat__country_GBR,0.009900495275137963,-0.00030842345019333806
cat__customer_type_Contract,0.009701656271962318,0.009244397800159555
cat__assigned_room_type_A,0.009176448322486246,0.0014769410367945258
cat__distribution_channel_Direct,0.0077516744693975695,-0.00025919686125066253
cat__assigned_room_type_E,0.006996996630586009,-0.0027963949618247633
cat__country_RUS,0.006425148332646312,-0.0003139046967354378
cat__reserved_room_type_E,0.006002312762368652,-0.003521638212695086
cat__market_segment_Groups,0.006000064150068686,0.0010815330521139219
cat__country_SWE,0.0059871163102441635,-0.0007025375918978025
num__stays_in_weekend_nights,0.005840357680063263,-0.00024235015414231223
cat__country_DNK,0.004717527469487013,-7.747089986869646e-05
num__days_in_waiting_list,0.00465264295233051,0.0046275905377837386
cat__country_FIN,0.004461301838664404,0.0002404048494533533
cat__distribution_channel_Corporate,0.0039056815628204502,-0.0018860939772171144
cat__country_ISR,0.0038936796566480083,-0.0003936737288529569
cat__country_NOR,0.0037679429462003184,6.0828021340505874e-05
cat__reserved_room_type_A,0.003589765615234719,0.0006788844574507607
cat__country_JPN,0.0035367460509584453,-0.00021341533561397018
cat__reserved_room_type_D,0.0034603289184270756,-0.0022205135630582766
cat__market_segment_Corporate,0.003067806576624551,-0.00019300572464620646
cat__country_IRL,0.0029274752534081214,-0.0007027791469118668
cat__country_LUX,0.0028427148303855816,0.0008005138931605523
cat__country_MAR,0.0026671723647337916,-9.016600101561372e-05
cat__reserved_room_type_B,0.002656091220060305,-0.002254401114810475
cat__reserved_room_type_F,0.0026513200530455454,0.0016625313334894466
cat__country_ARE,0.0025708370268986633,6.854384246863471e-05
cat__market_segment_Aviation,0.002203432440964175,0.0013880652426281424
cat__country_TUR,0.0018896226948051128,-0.0010226594572441297
cat__market_segment_Complementary,0.0018188585018083887,0.00023273308303224988
num__babies,0.0017989442358216515,-4.820806395239989e-05
cat__country_NZL,0.001368720066357887,8.065759798637852e-05
cat__meal_HB,0.0012892728938361268,-6.2296286559412034e-06
cat__country_AUS,0.001228358624052539,-0.0002192331571358652
cat__country_USA,0.0012161793445914205,0.0003667043706997516
num__has_company,0.0012041415731379346,-0.0006511192709940073
cat__reserved_room_type_G,0.0009228766012101986,-0.0005029274878887652
cat__country_COL,0.000907145451542361,0.00045939678850021184
num__is_arrival_holiday,0.0008989511326042994,-2.6582392074334496e-05
cat__assigned_room_type_F,0.0008168326412426651,0.0002984719438123768
cat__country_SAU,0.0006318672654197628,-0.0006318672654197628
cat__country_ZAF,0.0005688944141804161,-0.0005688944141804161
cat__country_HUN,0.0005400708736483456,5.335153387515641e-06
num__is_free_stay,0.0005213580347957521,0.00031500825911943677
num__is_zero_night,0.0005098976501788059,0.0002101452345724644
cat__country_ROU,0.00041367432921656156,-6.765989369459203e-05
cat__country_CN,0.0004131820492809379,0.00018713003258624092
cat__country_UKR,0.0003608097813611115,-1.729652853774738e-05
cat__country_TUN,0.00032659839013026955,-0.00032659839013026955
cat__assigned_room_type_K,0.00024699936789814296,8.203089707795127e-05
cat__assigned_room_type_C,0.0001452465586011856,4.046457548506888e-05
cat__country_THA,0.0001395047317165891,-0.0001395047317165891
cat__country_SVK,0.00012096710923126514,0.00012096710923126514
cat__country_POL,0.0001164571760677139,3.42362119629923e-05
cat__country_SGP,7.721641969596182e-05,-7.721641969596182e-05
cat__country_GRC,6.331965940762316e-05,6.699562415066046e-06
cat__country_MEX,5.857519012926533e-05,-1.4526205853371702e-05
cat__country_KOR,3.952406895481726e-05,-2.2054204715651148e-05
cat__country_BHR,0.0,0.0
cat__country_ALB,0.0,0.0
cat__country_ARM,0.0,0.0
cat__country_ARG,0.0,0.0
cat__meal_FB,0.0,0.0
cat__country_BGR,0.0,0.0
cat__country_BGD,0.0,0.0
cat__country_BEN,0.0,0.0
cat__country_AZE,0.0,0.0
cat__country_BOL,0.0,0.0
cat__country_BLR,0.0,0.0
cat__country_BIH,0.0,0.0
cat__country_NGA,0.0,0.0
cat__country_MUS,0.0,0.0
cat__country_MLT,0.0,0.0
cat__country_MNE,0.0,0.0
cat__country_MOZ,0.0,0.0
cat__country_PAK,0.0,0.0
cat__country_OMN,0.0,0.0
cat__country_MYS,0.0,0.0
cat__country_KAZ,0.0,0.0
cat__country_LBN,0.0,0.0
cat__country_LBY,0.0,0.0
cat__country_LTU,0.0,0.0
cat__country_LVA,0.0,0.0
cat__country_IRQ,0.0,0.0
cat__country_ISL,0.0,0.0
cat__country_IRN,0.0,0.0
cat__country_JOR,0.0,0.0
cat__country_KWT,0.0,0.0
cat__country_CYP,0.0,0.0
cat__country_EST,0.0,0.0
cat__country_EGY,0.0,0.0
cat__country_GEO,0.0,0.0
cat__country_GAB,0.0,0.0
cat__country_GNB,0.0,0.0
cat__country_GIB,0.0,0.0
cat__country_HKG,0.0,0.0
cat__country_HRV,0.0,0.0
cat__country_IDN,0.0,0.0
cat__country_IND,0.0,0.0
cat__country_CHL,0.0,0.0
cat__country_CPV,0.0,0.0
cat__country_CMR,0.0,0.0
cat__country_CRI,0.0,0.0
cat__country_CZE,0.0,0.0
cat__country_DOM,0.0,0.0
cat__country_DZA,0.0,0.0
cat__country_ECU,0.0,0.0
cat__country_MDV,0.0,0.0
cat__country_MCO,0.0,0.0
cat__country_MKD,0.0,0.0
cat__country_PER,0.0,0.0
cat__country_SRB,0.0,0.0
cat__country_SEN,0.0,0.0
cat__country_SVN,0.0,0.0
cat__country_PHL,0.0,0.0
cat__country_infrequent_sklearn,0.0,0.0
cat__country_Unknown,0.0,0.0
cat__country_VEN,0.0,0.0
cat__country_VNM,0.0,0.0
cat__country_TWN,0.0,0.0
cat__country_TMP,0.0,0.0
cat__country_TZA,0.0,0.0
cat__country_URY,0.0,0.0
cat__country_QAT,0.0,0.0
cat__country_PAN,0.0,0.0
cat__market_segment_infrequent_sklearn,0.0,0.0
cat__distribution_channel_GDS,0.0,0.0
cat__reserved_room_type_C,0.0,0.0
cat__distribution_channel_Undefined,0.0,0.0
cat__customer_type_Group,0.0,0.0
cat__deposit_type_Refundable,0.0,0.0
