feature,mean_abs_shap,mean_shap_logodds
country,0.7474708445550752,-0.09999833996872817
total_of_special_requests,0.6319380188653609,-0.0803835358584038
market_segment,0.5534122185979575,0.16407857346105958
lead_time,0.376203759963865,-0.20366880632557935
adr,0.3683997886097147,0.29074185071238895
required_car_parking_spaces,0.31776650594637906,0.042094266223535716
room_type_changed,0.29546280105183165,0.10718443579536073
customer_type,0.18592166650549866,0.09010742469353843
previous_cancellations,0.14938582690842797,-0.05671018237828455
booking_month,0.13016705595428832,-0.03186572245854779
booking_changes,0.12438908246099624,-0.007878442419665939
previous_bookings_not_canceled,0.08949240257051609,-0.034564136891366316
arrival_month,0.08901448614503597,-0.064970506591127
deposit_type,0.07872181016674915,-0.07346838479624085
meal,0.07014074574822173,0.019500762133456168
assigned_room_type,0.05578092421496198,-0.015600018158518062
total_nights,0.041753288951881844,-0.003644603811048658
arrival_dow,0.026491323166474363,-0.004600575364984041
booking_dow,0.025800817326855633,0.0015534497243116223
children,0.025734178001489968,-0.0003685787909498002
days_to_nearest_holiday,0.024142432779002288,0.005671636614904525
distribution_channel,0.022420196223541054,-0.0024769377870025567
stays_in_week_nights,0.020479021035361908,-0.003928629941740808
reserved_room_type,0.019282695170346496,-0.006158064587512396
adults,0.016218006826489065,0.0007887937858997708
is_repeated_guest,0.014934116096556828,-0.0010869368603233795
has_agent,0.01318955791621786,0.0012236189952490669
total_guests,0.011096817561949022,0.003164374217194645
stays_in_weekend_nights,0.005840357680063263,-0.00024235015414231223
days_in_waiting_list,0.00465264295233051,0.0046275905377837386
babies,0.0017989442358216515,-4.820806395239989e-05
has_company,0.0012041415731379346,-0.0006511192709940073
is_arrival_holiday,0.0008989511326042994,-2.6582392074334496e-05
is_free_stay,0.0005213580347957521,0.00031500825911943677
is_zero_night,0.0005098976501788059,0.0002101452345724644
